filename,power,cell,datagrab,ml_ic_min,ml_ic_max,ml_bu_min,ml_bu_max,ml_pl_min,ml_pl_max,ml_dc_min,ml_dc_max,dv_ic_min,dv_ic_max,dv_bu_min,dv_bu_max,dv_pl_min,dv_pl_max,dv_dc_min,dv_dc_max,agree_gmm_hmm,agree_hmm_pelt,agree_gmm_pelt,agree_all_three,delta_ic_left,delta_ic_right,delta_bu_left,delta_bu_right,delta_pl_left,delta_pl_right,delta_dc_left,delta_dc_right
3W_C8_datagrab1,3W,C8,datagrab1,0.0,35.7,36.7,116.9,117.9,278.2,279.3,928.3,0.0,23.1,33.1,114.8,114.8,280.3,280.3,928.3,0.6,0.2,0.1,0.1,0.0,12.6,3.6,2.1,3.1,-2.1,-1.0,0.0
3W_C8_datagrab2,3W,C8,datagrab2,0.0,55.4,56.5,138.7,139.7,368.4,369.5,928.2,0.0,54.4,64.4,140.8,140.8,370.5,370.5,928.2,0.7,0.7,0.4,0.4,0.0,1.0,-7.9,-2.1,-1.1,-2.1,-1.0,0.0
3W_C8_datagrab3,3W,C8,datagrab3,0.0,60.9,61.9,160.6,161.6,463.8,464.9,1004.8,0.0,59.8,69.8,154.3,154.3,467.0,467.0,1004.8,0.7,0.7,0.4,0.4,0.0,1.1,-7.9,6.3,7.3,-3.2,-2.1,0.0
3W_C9_datagrab1,3W,C9,datagrab1,0.0,54.6,55.7,172.2,173.2,357.1,358.2,812.2,0.0,47.3,57.3,172.2,172.2,358.2,359.2,812.2,0.7,0.5,0.7,0.4,0.0,7.3,-1.6,0.0,1.0,-1.1,-1.0,0.0
3W_C9_datagrab2,3W,C9,datagrab2,0.0,50.2,51.3,200.0,201.1,403.3,404.3,821.4,0.0,31.4,41.4,205.3,205.3,400.2,401.2,821.4,0.7,0.6,0.4,0.3,0.0,18.8,9.9,-5.3,-4.2,3.1,3.1,0.0
3W_C9_datagrab3,3W,C9,datagrab3,0.0,6.3,7.3,138.7,139.8,438.1,439.2,821.5,0.0,8.4,18.4,141.9,141.9,420.0,422.0,821.5,0.4,0.8,0.3,0.3,0.0,-2.1,-11.1,-3.2,-2.1,18.1,17.2,0.0
3W_C9_datagrab4,3W,C9,datagrab4,0.0,75.7,76.8,155.5,156.6,400.3,401.4,821.0,0.0,69.4,79.4,193.3,193.3,399.3,401.4,821.0,0.7,0.5,0.8,0.5,0.0,6.3,-2.6,-37.8,-36.7,1.0,0.0,0.0
4W_C8_datagrab1,4W,C8,datagrab1,0.0,131.2,132.2,215.1,677.9,1072.3,216.1,676.8,0.0,114.5,124.5,200.4,200.4,465.9,465.9,1072.3,0.3,0.6,0.3,0.2,0.0,16.7,7.7,14.7,477.5,606.4,-249.8,-395.5
4W_C8_datagrab2,4W,C8,datagrab2,0.0,160.7,161.8,251.0,686.4,1066.7,252.0,685.3,0.0,157.6,167.6,243.6,243.6,483.5,484.5,1066.7,0.4,0.6,0.3,0.3,0.0,3.1,-5.8,7.4,442.8,583.2,-232.5,-381.4
4W_C8_datagrab3,4W,C8,datagrab3,0.0,171.7,172.7,233.6,260.4,1061.6,234.6,1020.7,0.0,169.6,179.6,257.3,257.3,497.7,498.7,1061.6,0.4,0.4,0.9,0.4,0.0,2.1,-6.9,-23.7,3.1,563.9,-264.1,-40.9
4W_C9_datagrab1,4W,C9,datagrab1,0.0,133.3,134.4,197.5,212.2,821.9,198.5,737.8,0.0,125.0,135.0,231.1,231.1,419.1,420.2,821.9,0.4,0.3,0.7,0.3,0.0,8.3,-0.6,-33.6,-18.9,402.8,-221.7,-84.1
4W_C9_datagrab2,4W,C9,datagrab2,0.0,97.3,98.3,161.4,162.5,365.1,366.2,821.1,0.0,88.9,98.9,194.0,194.0,370.4,371.4,821.1,0.4,0.3,0.9,0.3,0.0,8.4,-0.6,-32.6,-31.5,-5.3,-5.2,0.0
4W_C9_datagrab3,4W,C9,datagrab3,0.0,52.9,53.9,161.1,162.2,403.8,404.9,882.9,0.0,44.5,54.5,151.7,151.7,407.0,408.0,882.9,0.7,0.5,0.8,0.5,0.0,8.4,-0.6,9.4,10.5,-3.2,-3.1,0.0
5W_C8_datagrab1,5W,C8,datagrab1,0.0,31.5,32.6,89.2,115.5,741.9,90.3,754.5,0.0,28.4,38.4,107.1,107.1,335.9,335.9,754.5,0.3,0.1,0.4,0.1,0.0,3.1,-5.8,-17.9,8.4,406.0,-245.6,0.0
5W_C8_datagrab2,5W,C8,datagrab2,0.0,88.6,89.6,140.8,472.3,753.7,141.9,471.2,0.0,75.0,85.0,157.6,157.6,316.9,317.9,753.7,0.3,0.9,0.3,0.3,0.0,13.6,4.6,-16.8,314.7,436.8,-176.0,-282.5
5W_C8_datagrab3,5W,C8,datagrab3,0.0,104.5,105.6,141.2,142.3,348.0,349.0,754.2,0.0,82.5,92.5,155.9,155.9,330.1,330.1,754.2,0.4,0.3,0.9,0.3,0.0,22.0,13.1,-14.7,-13.6,17.9,18.9,0.0
5W_C9_datagrab1,5W,C9,datagrab1,0.0,77.7,78.8,148.0,149.1,357.4,358.5,928.1,0.0,68.2,78.2,180.5,180.5,354.3,354.3,928.1,0.8,0.5,0.7,0.4,0.0,9.5,0.6,-32.5,-31.4,3.1,4.2,0.0
5W_C9_datagrab2,5W,C9,datagrab2,0.0,53.5,54.5,160.6,161.6,386.3,387.3,928.4,0.0,44.0,54.0,156.4,156.4,385.2,386.3,928.4,0.8,0.5,0.7,0.5,0.0,9.5,0.5,4.2,5.2,1.1,1.0,0.0
5W_C9_datagrab3,5W,C9,datagrab3,0.0,17.8,18.9,143.1,144.1,415.9,417.0,928.4,0.0,16.8,26.8,130.5,130.5,417.0,418.0,928.4,0.8,0.7,0.6,0.6,0.0,1.0,-7.9,12.6,13.6,-1.1,-1.0,0.0
6W_C8_datagrab1,6W,C8,datagrab1,0.0,128.9,129.9,187.5,212.7,377.4,188.6,752.9,0.0,124.7,134.7,200.1,200.1,356.4,357.4,752.9,0.4,0.4,0.9,0.4,0.0,4.2,-4.8,-12.6,12.6,21.0,-168.8,0.0
6W_C8_datagrab2,6W,C8,datagrab2,0.0,98.5,99.6,152.8,153.9,754.4,346.9,739.7,0.0,93.3,103.3,173.7,173.7,348.0,348.0,754.4,0.4,0.3,0.9,0.3,0.0,5.2,-3.7,-20.9,-19.8,406.4,-1.1,-14.7
6W_C8_datagrab3,6W,C8,datagrab3,0.0,97.3,98.4,155.2,181.4,753.3,156.2,741.8,0.0,92.1,102.1,167.8,167.8,350.3,351.3,753.3,0.4,0.3,0.8,0.3,0.0,5.2,-3.7,-12.6,13.6,403.0,-195.1,-11.5
6W_C9_datagrab1,6W,C9,datagrab1,0.0,50.4,51.4,99.5,100.6,308.8,309.8,732.3,0.0,33.6,43.6,133.9,133.9,310.9,310.9,732.3,0.8,0.5,0.6,0.5,0.0,16.8,7.8,-34.4,-33.3,-2.1,-1.1,0.0
6W_C9_datagrab2,6W,C9,datagrab2,0.0,46.3,47.3,117.6,118.7,328.6,329.7,731.0,0.0,35.5,45.5,133.4,133.4,328.6,329.7,731.0,0.6,0.5,0.8,0.5,0.0,10.8,1.8,-15.8,-14.7,0.0,0.0,0.0
6W_C9_datagrab3,6W,C9,datagrab3,0.0,29.7,30.8,108.3,109.4,324.6,325.6,732.3,0.0,37.1,47.1,117.8,117.8,324.6,325.6,732.3,0.8,0.5,0.6,0.5,0.0,-7.4,-16.3,-9.5,-8.4,0.0,0.0,0.0
7W_C8_datagrab1,7W,C8,datagrab1,0.0,57.8,58.9,133.5,134.6,368.6,369.6,813.9,0.0,54.7,64.7,127.2,127.2,367.6,368.6,813.9,0.9,0.7,0.6,0.6,0.0,3.1,-5.8,6.3,7.4,1.0,1.0,0.0
7W_C8_datagrab2,7W,C8,datagrab2,0.0,70.8,71.9,107.5,577.8,875.1,108.5,576.8,0.0,48.7,58.7,119.0,119.0,418.4,418.4,875.1,0.2,0.9,0.2,0.1,0.0,22.1,13.2,-11.5,458.8,456.7,-309.9,-298.3
7W_C8_datagrab3,7W,C8,datagrab3,0.0,0.0,55.1,112.9,0.0,744.3,113.9,875.6,0.0,52.0,62.0,127.6,127.6,412.0,412.0,875.6,0.2,0.1,0.6,0.1,0.0,-52.0,-6.9,-14.7,-127.6,332.3,-298.1,0.0
7W_C9_datagrab1,7W,C9,datagrab1,0.0,43.1,63.0,99.7,44.1,301.0,100.7,686.1,0.0,25.2,35.2,120.7,120.7,301.0,301.0,686.1,0.5,0.3,0.7,0.3,0.0,17.9,27.8,-21.0,-76.6,0.0,-200.3,0.0
7W_C9_datagrab2,7W,C9,datagrab2,0.0,39.6,40.6,148.8,149.9,351.3,352.4,749.7,0.0,37.5,47.5,128.9,128.9,351.3,352.4,749.7,0.9,0.7,0.6,0.6,0.0,2.1,-6.9,19.9,21.0,0.0,0.0,0.0
7W_C9_datagrab3,7W,C9,datagrab3,0.0,74.9,76.0,129.6,130.6,749.7,322.6,631.4,0.0,62.3,72.3,152.6,152.6,323.6,324.7,749.7,0.4,0.2,0.7,0.2,0.0,12.6,3.7,-23.0,-22.0,426.1,-2.1,-118.3
8W_C8_datagrab1,8W,C8,datagrab1,0.0,152.1,153.2,214.4,586.0,875.8,215.4,584.9,0.0,149.0,159.0,214.4,214.4,402.4,403.4,875.8,0.3,0.8,0.3,0.2,0.0,3.1,-5.8,0.0,371.6,473.4,-188.0,-290.9
8W_C8_datagrab2,8W,C8,datagrab2,0.0,114.4,115.4,171.1,192.2,413.8,172.1,876.0,0.0,112.3,122.3,180.5,180.5,397.8,397.8,876.0,0.4,0.3,0.9,0.3,0.0,2.1,-6.9,-9.4,11.7,16.0,-225.7,0.0
8W_C8_datagrab3,8W,C8,datagrab3,0.0,115.3,116.3,196.0,569.8,875.5,197.0,568.7,0.0,96.3,106.3,184.5,184.5,377.6,377.6,875.5,0.4,0.6,0.3,0.3,0.0,19.0,10.0,11.5,385.3,497.9,-180.6,-306.8
8W_C9_datagrab1,8W,C9,datagrab1,0.0,112.4,113.4,178.6,215.3,875.9,179.6,748.8,0.0,110.3,120.3,206.9,206.9,406.5,407.5,875.9,0.4,0.3,0.7,0.3,0.0,2.1,-6.9,-28.3,8.4,469.4,-227.9,-127.1
8W_C9_datagrab2,8W,C9,datagrab2,0.0,57.4,58.4,141.2,142.3,369.2,370.3,876.4,0.0,44.8,54.8,142.3,142.3,370.3,370.3,876.4,0.8,0.7,0.6,0.5,0.0,12.6,3.6,-1.1,0.0,-1.1,0.0,0.0
8W_C9_datagrab3,8W,C9,datagrab3,0.0,81.5,82.9,171.2,172.2,362.2,363.2,876.2,0.0,77.3,87.3,168.0,168.0,364.3,365.3,876.2,0.8,0.5,0.6,0.5,0.0,4.2,-4.4,3.2,4.2,-2.1,-2.1,0.0
